{
  "train": {
    "n_rows": 89,
    "target_mean": 0.8306882868237893,
    "mae": 0.0003328829616336772,
    "rmse": 0.0004088723878499655,
    "observed_rmse": 0.36385508627281765,
    "observed_mae": 0.27227000127456724,
    "observed_roc_auc": 0.5428571428571429
  },
  "valid": {
    "n_rows": 39,
    "target_mean": 0.8228212164425747,
    "mae": 0.0032140799381835303,
    "rmse": 0.004796306827328843,
    "observed_rmse": 0.4750779121458657,
    "observed_mae": 0.3711106629430208,
    "observed_roc_auc": 0.6543209876543209
  },
  "test": {
    "n_rows": 16,
    "target_mean": 0.8029377267912234,
    "mae": 0.001914717404328109,
    "rmse": 0.003213440325101956,
    "observed_rmse": 0.39449428923286084,
    "observed_mae": 0.31195347767998016,
    "observed_roc_auc": 0.5641025641025642
  }
}